<metadata xml:lang="en"><Esri><CreaDate>20180811</CreaDate><CreaTime>22393500</CreaTime><ArcGISFormat>1.0</ArcGISFormat><SyncOnce>FALSE</SyncOnce><DataProperties><lineage><Process ToolSource="c:\esri\arcgis\desktop10.2\ArcToolbox\Toolboxes\Data Management Tools.tbx\CreateFeatureclass" Date="20151204" Time="082634">CreateFeatureclass D:\WorkSpace\AlterSRID\AlterSRID_PRD10.gdb LastFire POLYGON '\\Env\gis\GisAdmin\Datamgt\DatabaseConnections\ArcGis10.2\EgisDATA - PRD - firemgt.sde\FIREMGT.LastFire' DISABLED DISABLED "PROJCS['GDA_1994_South_Australia_Lambert',GEOGCS['GCS_GDA_1994',DATUM['D_GDA_1994',SPHEROID['GRS_1980',6378137.0,298.257222101]],PRIMEM['Greenwich',0.0],UNIT['Degree',0.0174532925199433]],PROJECTION['Lambert_Conformal_Conic'],PARAMETER['False_Easting',1000000.0],PARAMETER['False_Northing',2000000.0],PARAMETER['Central_Meridian',135.0],PARAMETER['Standard_Parallel_1',-28.0],PARAMETER['Standard_Parallel_2',-36.0],PARAMETER['Latitude_Of_Origin',-32.0],UNIT['Meter',1.0]];-37393400 -11839900 10000;-100000 10000;-100000 10000;0.001;0.001;0.001;IsHighPrecision" # 0 0 0</Process><Process ToolSource="c:\esri\arcgis\desktop10.2\ArcToolbox\Toolboxes\Data Management Tools.tbx\Append" Date="20151204" Time="082638">Append '\\Env\gis\GisAdmin\Datamgt\DatabaseConnections\ArcGis10.2\EgisDATA - PRD - firemgt.sde\FIREMGT.LastFire' D:\WorkSpace\AlterSRID\AlterSRID_PRD10.gdb\LastFire NO_TEST "INCIDENTNUMBER "INCIDENTNUMBER" true true false 4 Long 0 0 ,First,#,\\Env\gis\GisAdmin\Datamgt\DatabaseConnections\ArcGis10.2\EgisDATA - PRD - firemgt.sde\FIREMGT.LastFire,INCIDENTNUMBER,-1,-1;INCIDENTNAME "INCIDENTNAME" true true false 50 Text 0 0 ,First,#,\\Env\gis\GisAdmin\Datamgt\DatabaseConnections\ArcGis10.2\EgisDATA - PRD - firemgt.sde\FIREMGT.LastFire,INCIDENTNAME,-1,-1;INCIDENTTYPE "INCIDENTTYPE" true true false 15 Text 0 0 ,First,#,\\Env\gis\GisAdmin\Datamgt\DatabaseConnections\ArcGis10.2\EgisDATA - PRD - firemgt.sde\FIREMGT.LastFire,INCIDENTTYPE,-1,-1;FIREDATE "FIREDATE" true true false 8 Date 0 0 ,First,#,\\Env\gis\GisAdmin\Datamgt\DatabaseConnections\ArcGis10.2\EgisDATA - PRD - firemgt.sde\FIREMGT.LastFire,FIREDATE,-1,-1;FINANCIALYEAR "FINANCIALYEAR" true true false 10 Text 0 0 ,First,#,\\Env\gis\GisAdmin\Datamgt\DatabaseConnections\ArcGis10.2\EgisDATA - PRD - firemgt.sde\FIREMGT.LastFire,FINANCIALYEAR,-1,-1;FIREYEAR "FIREYEAR" true true false 2 Short 0 0 ,First,#,\\Env\gis\GisAdmin\Datamgt\DatabaseConnections\ArcGis10.2\EgisDATA - PRD - firemgt.sde\FIREMGT.LastFire,FIREYEAR,-1,-1;SEASON "SEASON" true true false 20 Text 0 0 ,First,#,\\Env\gis\GisAdmin\Datamgt\DatabaseConnections\ArcGis10.2\EgisDATA - PRD - firemgt.sde\FIREMGT.LastFire,SEASON,-1,-1;DATERELIABILITY "DATERELIABILITY" true true false 2 Short 0 0 ,First,#,\\Env\gis\GisAdmin\Datamgt\DatabaseConnections\ArcGis10.2\EgisDATA - PRD - firemgt.sde\FIREMGT.LastFire,DATERELIABILITY,-1,-1;SHAPE_Length "SHAPE_Length" false true true 8 Double 0 0 ,First,#;SHAPE_Area "SHAPE_Area" false true true 8 Double 0 0 ,First,#" #</Process><Process ToolSource="c:\esri\arcgis\desktop10.2\ArcToolbox\Toolboxes\Data Management Tools.tbx\CopyFeatures" Date="20151204" Time="082719">CopyFeatures D:\WorkSpace\AlterSRID\AlterSRID_PRD10.gdb\LastFire "\\Env\gis\GisAdmin\Datamgt\DatabaseConnections\ArcGis10.2\EgisDATA - PRD - firemgt.sde\FIREMGT.LastFire" # 0 0 0</Process><Process ToolSource="c:\esri\arcgis\desktop10.2\ArcToolbox\Toolboxes\Data Management Tools.tbx\ChangePrivileges" Date="20151204" Time="093307">ChangePrivileges '\\Env\gis\GisAdmin\Datamgt\DatabaseConnections\ArcGis10.2\EgisDATA - PRD - firemgt.sde\FIREMGT.LASTFIRE' ENV_READ GRANT #</Process><Process ToolSource="c:\esri\arcgis\desktop10.2\ArcToolbox\Toolboxes\Data Management Tools.tbx\ChangePrivileges" Date="20151222" Time="153846">ChangePrivileges 'V:\GisAdmin\Datamgt\DatabaseConnections\ArcGis10.2\EgisDATA - PRD - firemgt.sde\FIREMGT.BurnYear';'V:\GisAdmin\Datamgt\DatabaseConnections\ArcGis10.2\EgisDATA - PRD - firemgt.sde\FIREMGT.LastFire';'V:\GisAdmin\Datamgt\DatabaseConnections\ArcGis10.2\EgisDATA - PRD - firemgt.sde\FIREMGT.FireHistory' CFS_READ GRANT AS_IS</Process><Process ToolSource="c:\esri\arcgis\desktop10.2\ArcToolbox\Toolboxes\Data Management Tools.tbx\TruncateTable" Date="20160114" Time="165057">TruncateTable "\\Env\gis\GisAdmin\Datamgt\DatabaseConnections\ArcGis10.2\EgisDATA - PRD - firemgt.sde\FIREMGT.LastFire"</Process><Process ToolSource="c:\esri\arcgis\desktop10.2\ArcToolbox\Toolboxes\Data Management Tools.tbx\Append" Date="20160114" Time="165124">Append D:\WorkSpace\FireMgt\FireMgt_PRD10.gdb\FIREMGT_LastFire "\\Env\gis\GisAdmin\Datamgt\DatabaseConnections\ArcGis10.2\EgisDATA - PRD - firemgt.sde\FIREMGT.LastFire" NO_TEST "INCIDENTNUMBER "INCIDENTNUMBER" true true false 4 Long 0 10 ,First,#,D:\WorkSpace\FireMgt\FireMgt_PRD10.gdb\FIREMGT_LastFire,INCIDENTNUMBER,-1,-1;INCIDENTNAME "INCIDENTNAME" true true false 50 Text 0 0 ,First,#,D:\WorkSpace\FireMgt\FireMgt_PRD10.gdb\FIREMGT_LastFire,INCIDENTNAME,-1,-1;INCIDENTTYPE "INCIDENTTYPE" true true false 15 Text 0 0 ,First,#,D:\WorkSpace\FireMgt\FireMgt_PRD10.gdb\FIREMGT_LastFire,INCIDENTTYPE,-1,-1;FIREDATE "FIREDATE" true true false 36 Date 0 0 ,First,#,D:\WorkSpace\FireMgt\FireMgt_PRD10.gdb\FIREMGT_LastFire,FIREDATE,-1,-1;FINANCIALYEAR "FINANCIALYEAR" true true false 10 Text 0 0 ,First,#,D:\WorkSpace\FireMgt\FireMgt_PRD10.gdb\FIREMGT_LastFire,FINANCIALYEAR,-1,-1;FIREYEAR "FIREYEAR" true true false 2 Short 0 5 ,First,#,D:\WorkSpace\FireMgt\FireMgt_PRD10.gdb\FIREMGT_LastFire,FIREYEAR,-1,-1;SEASON "SEASON" true true false 20 Text 0 0 ,First,#,D:\WorkSpace\FireMgt\FireMgt_PRD10.gdb\FIREMGT_LastFire,SEASON,-1,-1;DATERELIABILITY "DATERELIABILITY" true true false 2 Short 0 5 ,First,#,D:\WorkSpace\FireMgt\FireMgt_PRD10.gdb\FIREMGT_LastFire,DATERELIABILITY,-1,-1;SHAPE.AREA "SHAPE.AREA" false false true 0 Double 0 0 ,First,#;SHAPE.LEN "SHAPE.LEN" false false true 0 Double 0 0 ,First,#" #</Process><Process ToolSource="c:\esri\arcgis\desktop10.2\ArcToolbox\Toolboxes\Data Management Tools.tbx\TruncateTable" Date="20160226" Time="164011">TruncateTable "\\Env\gis\GisAdmin\Datamgt\DatabaseConnections\ArcGis10.2\EgisDATA - PRD - firemgt.sde\FIREMGT.LastFire"</Process><Process ToolSource="c:\esri\arcgis\desktop10.2\ArcToolbox\Toolboxes\Data Management Tools.tbx\Append" Date="20160226" Time="164042">Append D:\WorkSpace\FireMgt\FireMgt_PRD10.gdb\FIREMGT_LastFire "\\Env\gis\GisAdmin\Datamgt\DatabaseConnections\ArcGis10.2\EgisDATA - PRD - firemgt.sde\FIREMGT.LastFire" NO_TEST "INCIDENTNUMBER "INCIDENTNUMBER" true true false 4 Long 0 10 ,First,#,D:\WorkSpace\FireMgt\FireMgt_PRD10.gdb\FIREMGT_LastFire,INCIDENTNUMBER,-1,-1;INCIDENTNAME "INCIDENTNAME" true true false 50 Text 0 0 ,First,#,D:\WorkSpace\FireMgt\FireMgt_PRD10.gdb\FIREMGT_LastFire,INCIDENTNAME,-1,-1;INCIDENTTYPE "INCIDENTTYPE" true true false 15 Text 0 0 ,First,#,D:\WorkSpace\FireMgt\FireMgt_PRD10.gdb\FIREMGT_LastFire,INCIDENTTYPE,-1,-1;FIREDATE "FIREDATE" true true false 36 Date 0 0 ,First,#,D:\WorkSpace\FireMgt\FireMgt_PRD10.gdb\FIREMGT_LastFire,FIREDATE,-1,-1;FINANCIALYEAR "FINANCIALYEAR" true true false 10 Text 0 0 ,First,#,D:\WorkSpace\FireMgt\FireMgt_PRD10.gdb\FIREMGT_LastFire,FINANCIALYEAR,-1,-1;FIREYEAR "FIREYEAR" true true false 2 Short 0 5 ,First,#,D:\WorkSpace\FireMgt\FireMgt_PRD10.gdb\FIREMGT_LastFire,FIREYEAR,-1,-1;SEASON "SEASON" true true false 20 Text 0 0 ,First,#,D:\WorkSpace\FireMgt\FireMgt_PRD10.gdb\FIREMGT_LastFire,SEASON,-1,-1;DATERELIABILITY "DATERELIABILITY" true true false 2 Short 0 5 ,First,#,D:\WorkSpace\FireMgt\FireMgt_PRD10.gdb\FIREMGT_LastFire,DATERELIABILITY,-1,-1;SHAPE.AREA "SHAPE.AREA" false false true 0 Double 0 0 ,First,#;SHAPE.LEN "SHAPE.LEN" false false true 0 Double 0 0 ,First,#" #</Process><Process ToolSource="c:\esri\arcgis\desktop10.2\ArcToolbox\Toolboxes\Data Management Tools.tbx\TruncateTable" Date="20160309" Time="170637">TruncateTable "\\Env\gis\GisAdmin\Datamgt\DatabaseConnections\ArcGis10.2\EgisDATA - PRD - firemgt.sde\FIREMGT.LastFire"</Process><Process ToolSource="c:\esri\arcgis\desktop10.2\ArcToolbox\Toolboxes\Data Management Tools.tbx\Append" Date="20160309" Time="170703">Append D:\WorkSpace\FireMgt\FireMgt_PRD10.gdb\FIREMGT_LastFire "\\Env\gis\GisAdmin\Datamgt\DatabaseConnections\ArcGis10.2\EgisDATA - PRD - firemgt.sde\FIREMGT.LastFire" NO_TEST "INCIDENTNUMBER "INCIDENTNUMBER" true true false 4 Long 0 10 ,First,#,D:\WorkSpace\FireMgt\FireMgt_PRD10.gdb\FIREMGT_LastFire,INCIDENTNUMBER,-1,-1;INCIDENTNAME "INCIDENTNAME" true true false 50 Text 0 0 ,First,#,D:\WorkSpace\FireMgt\FireMgt_PRD10.gdb\FIREMGT_LastFire,INCIDENTNAME,-1,-1;INCIDENTTYPE "INCIDENTTYPE" true true false 15 Text 0 0 ,First,#,D:\WorkSpace\FireMgt\FireMgt_PRD10.gdb\FIREMGT_LastFire,INCIDENTTYPE,-1,-1;FIREDATE "FIREDATE" true true false 36 Date 0 0 ,First,#,D:\WorkSpace\FireMgt\FireMgt_PRD10.gdb\FIREMGT_LastFire,FIREDATE,-1,-1;FINANCIALYEAR "FINANCIALYEAR" true true false 10 Text 0 0 ,First,#,D:\WorkSpace\FireMgt\FireMgt_PRD10.gdb\FIREMGT_LastFire,FINANCIALYEAR,-1,-1;FIREYEAR "FIREYEAR" true true false 2 Short 0 5 ,First,#,D:\WorkSpace\FireMgt\FireMgt_PRD10.gdb\FIREMGT_LastFire,FIREYEAR,-1,-1;SEASON "SEASON" true true false 20 Text 0 0 ,First,#,D:\WorkSpace\FireMgt\FireMgt_PRD10.gdb\FIREMGT_LastFire,SEASON,-1,-1;DATERELIABILITY "DATERELIABILITY" true true false 2 Short 0 5 ,First,#,D:\WorkSpace\FireMgt\FireMgt_PRD10.gdb\FIREMGT_LastFire,DATERELIABILITY,-1,-1;SHAPE.AREA "SHAPE.AREA" false false true 0 Double 0 0 ,First,#;SHAPE.LEN "SHAPE.LEN" false false true 0 Double 0 0 ,First,#" #</Process><Process ToolSource="c:\esri\arcgis\desktop10.2\ArcToolbox\Toolboxes\Data Management Tools.tbx\TruncateTable" Date="20160422" Time="090659">TruncateTable "\\Env\gis\GisAdmin\Datamgt\DatabaseConnections\ArcGis10.2\EgisDATA - PRD - firemgt.sde\FIREMGT.LastFire"</Process><Process ToolSource="c:\esri\arcgis\desktop10.2\ArcToolbox\Toolboxes\Data Management Tools.tbx\Append" Date="20160422" Time="090729">Append D:\WorkSpace\FireMgt\FireMgt_PRD10.gdb\FIREMGT_LastFire "\\Env\gis\GisAdmin\Datamgt\DatabaseConnections\ArcGis10.2\EgisDATA - PRD - firemgt.sde\FIREMGT.LastFire" NO_TEST "INCIDENTNUMBER "INCIDENTNUMBER" true true false 4 Long 0 10 ,First,#,D:\WorkSpace\FireMgt\FireMgt_PRD10.gdb\FIREMGT_LastFire,INCIDENTNUMBER,-1,-1;INCIDENTNAME "INCIDENTNAME" true true false 50 Text 0 0 ,First,#,D:\WorkSpace\FireMgt\FireMgt_PRD10.gdb\FIREMGT_LastFire,INCIDENTNAME,-1,-1;INCIDENTTYPE "INCIDENTTYPE" true true false 15 Text 0 0 ,First,#,D:\WorkSpace\FireMgt\FireMgt_PRD10.gdb\FIREMGT_LastFire,INCIDENTTYPE,-1,-1;FIREDATE "FIREDATE" true true false 36 Date 0 0 ,First,#,D:\WorkSpace\FireMgt\FireMgt_PRD10.gdb\FIREMGT_LastFire,FIREDATE,-1,-1;FINANCIALYEAR "FINANCIALYEAR" true true false 10 Text 0 0 ,First,#,D:\WorkSpace\FireMgt\FireMgt_PRD10.gdb\FIREMGT_LastFire,FINANCIALYEAR,-1,-1;FIREYEAR "FIREYEAR" true true false 2 Short 0 5 ,First,#,D:\WorkSpace\FireMgt\FireMgt_PRD10.gdb\FIREMGT_LastFire,FIREYEAR,-1,-1;SEASON "SEASON" true true false 20 Text 0 0 ,First,#,D:\WorkSpace\FireMgt\FireMgt_PRD10.gdb\FIREMGT_LastFire,SEASON,-1,-1;DATERELIABILITY "DATERELIABILITY" true true false 2 Short 0 5 ,First,#,D:\WorkSpace\FireMgt\FireMgt_PRD10.gdb\FIREMGT_LastFire,DATERELIABILITY,-1,-1;SHAPE.AREA "SHAPE.AREA" false false true 0 Double 0 0 ,First,#;SHAPE.LEN "SHAPE.LEN" false false true 0 Double 0 0 ,First,#" #</Process><Process ToolSource="c:\esri\arcgis\desktop10.2\ArcToolbox\Toolboxes\Data Management Tools.tbx\TruncateTable" Date="20160719" Time="170124">TruncateTable "\\Env\gis\GisAdmin\Datamgt\DatabaseConnections\ArcGis10.2\EgisDATA - PRD - firemgt.sde\FIREMGT.LastFire"</Process><Process ToolSource="c:\esri\arcgis\desktop10.2\ArcToolbox\Toolboxes\Data Management Tools.tbx\Append" Date="20160719" Time="170153">Append D:\WorkSpace\FireMgt\FireMgt_PRD10.gdb\FIREMGT_LastFire "\\Env\gis\GisAdmin\Datamgt\DatabaseConnections\ArcGis10.2\EgisDATA - PRD - firemgt.sde\FIREMGT.LastFire" NO_TEST "INCIDENTNUMBER "INCIDENTNUMBER" true true false 4 Long 0 10 ,First,#,D:\WorkSpace\FireMgt\FireMgt_PRD10.gdb\FIREMGT_LastFire,INCIDENTNUMBER,-1,-1;INCIDENTNAME "INCIDENTNAME" true true false 50 Text 0 0 ,First,#,D:\WorkSpace\FireMgt\FireMgt_PRD10.gdb\FIREMGT_LastFire,INCIDENTNAME,-1,-1;INCIDENTTYPE "INCIDENTTYPE" true true false 15 Text 0 0 ,First,#,D:\WorkSpace\FireMgt\FireMgt_PRD10.gdb\FIREMGT_LastFire,INCIDENTTYPE,-1,-1;FIREDATE "FIREDATE" true true false 36 Date 0 0 ,First,#,D:\WorkSpace\FireMgt\FireMgt_PRD10.gdb\FIREMGT_LastFire,FIREDATE,-1,-1;FINANCIALYEAR "FINANCIALYEAR" true true false 10 Text 0 0 ,First,#,D:\WorkSpace\FireMgt\FireMgt_PRD10.gdb\FIREMGT_LastFire,FINANCIALYEAR,-1,-1;FIREYEAR "FIREYEAR" true true false 2 Short 0 5 ,First,#,D:\WorkSpace\FireMgt\FireMgt_PRD10.gdb\FIREMGT_LastFire,FIREYEAR,-1,-1;SEASON "SEASON" true true false 20 Text 0 0 ,First,#,D:\WorkSpace\FireMgt\FireMgt_PRD10.gdb\FIREMGT_LastFire,SEASON,-1,-1;DATERELIABILITY "DATERELIABILITY" true true false 2 Short 0 5 ,First,#,D:\WorkSpace\FireMgt\FireMgt_PRD10.gdb\FIREMGT_LastFire,DATERELIABILITY,-1,-1;SHAPE.AREA "SHAPE.AREA" false false true 0 Double 0 0 ,First,#;SHAPE.LEN "SHAPE.LEN" false false true 0 Double 0 0 ,First,#" #</Process><Process ToolSource="c:\esri\arcgis\desktop10.2\ArcToolbox\Toolboxes\Data Management Tools.tbx\ChangePrivileges" Date="20161101" Time="114110">ChangePrivileges 'V:\GisAdmin\Datamgt\DatabaseConnections\ArcGis10.2\EgisDATA - PRD - firemgt.sde\FIREMGT.FireHistory';'V:\GisAdmin\Datamgt\DatabaseConnections\ArcGis10.2\EgisDATA - PRD - firemgt.sde\FIREMGT.LastFire';'V:\GisAdmin\Datamgt\DatabaseConnections\ArcGis10.2\EgisDATA - PRD - firemgt.sde\FIREMGT.BurnYear' SAG_READ GRANT #</Process><Process ToolSource="c:\esri\arcgis\desktop10.2\ArcToolbox\Toolboxes\Data Management Tools.tbx\TruncateTable" Date="20161219" Time="075432">TruncateTable "\\Env\gis\GisAdmin\Datamgt\DatabaseConnections\ArcGis10.2\EgisDATA - PRD - firemgt.sde\FIREMGT.LastFire"</Process><Process ToolSource="c:\esri\arcgis\desktop10.2\ArcToolbox\Toolboxes\Data Management Tools.tbx\Append" Date="20161219" Time="075458">Append D:\WorkSpace\FireMgt\FireMgt_PRD10.gdb\FIREMGT_LastFire "\\Env\gis\GisAdmin\Datamgt\DatabaseConnections\ArcGis10.2\EgisDATA - PRD - firemgt.sde\FIREMGT.LastFire" NO_TEST "INCIDENTNUMBER "INCIDENTNUMBER" true true false 4 Long 0 10 ,First,#,D:\WorkSpace\FireMgt\FireMgt_PRD10.gdb\FIREMGT_LastFire,INCIDENTNUMBER,-1,-1;INCIDENTNAME "INCIDENTNAME" true true false 50 Text 0 0 ,First,#,D:\WorkSpace\FireMgt\FireMgt_PRD10.gdb\FIREMGT_LastFire,INCIDENTNAME,-1,-1;INCIDENTTYPE "INCIDENTTYPE" true true false 15 Text 0 0 ,First,#,D:\WorkSpace\FireMgt\FireMgt_PRD10.gdb\FIREMGT_LastFire,INCIDENTTYPE,-1,-1;FIREDATE "FIREDATE" true true false 36 Date 0 0 ,First,#,D:\WorkSpace\FireMgt\FireMgt_PRD10.gdb\FIREMGT_LastFire,FIREDATE,-1,-1;FINANCIALYEAR "FINANCIALYEAR" true true false 10 Text 0 0 ,First,#,D:\WorkSpace\FireMgt\FireMgt_PRD10.gdb\FIREMGT_LastFire,FINANCIALYEAR,-1,-1;FIREYEAR "FIREYEAR" true true false 2 Short 0 5 ,First,#,D:\WorkSpace\FireMgt\FireMgt_PRD10.gdb\FIREMGT_LastFire,FIREYEAR,-1,-1;SEASON "SEASON" true true false 20 Text 0 0 ,First,#,D:\WorkSpace\FireMgt\FireMgt_PRD10.gdb\FIREMGT_LastFire,SEASON,-1,-1;DATERELIABILITY "DATERELIABILITY" true true false 2 Short 0 5 ,First,#,D:\WorkSpace\FireMgt\FireMgt_PRD10.gdb\FIREMGT_LastFire,DATERELIABILITY,-1,-1;SHAPE.AREA "SHAPE.AREA" false false true 0 Double 0 0 ,First,#;SHAPE.LEN "SHAPE.LEN" false false true 0 Double 0 0 ,First,#" #</Process><Process ToolSource="c:\esri\arcgis\desktop10.2\ArcToolbox\Toolboxes\Data Management Tools.tbx\TruncateTable" Date="20170124" Time="073817">TruncateTable "\\Env\gis\GisAdmin\Datamgt\DatabaseConnections\ArcGis10.2\EgisDATA - PRD - firemgt.sde\FIREMGT.LastFire"</Process><Process ToolSource="c:\esri\arcgis\desktop10.2\ArcToolbox\Toolboxes\Data Management Tools.tbx\Append" Date="20170124" Time="073843">Append D:\WorkSpace\FireMgt\FireMgt_PRD10.gdb\FIREMGT_LastFire "\\Env\gis\GisAdmin\Datamgt\DatabaseConnections\ArcGis10.2\EgisDATA - PRD - firemgt.sde\FIREMGT.LastFire" NO_TEST "INCIDENTNUMBER "INCIDENTNUMBER" true true false 4 Long 0 10 ,First,#,D:\WorkSpace\FireMgt\FireMgt_PRD10.gdb\FIREMGT_LastFire,INCIDENTNUMBER,-1,-1;INCIDENTNAME "INCIDENTNAME" true true false 50 Text 0 0 ,First,#,D:\WorkSpace\FireMgt\FireMgt_PRD10.gdb\FIREMGT_LastFire,INCIDENTNAME,-1,-1;INCIDENTTYPE "INCIDENTTYPE" true true false 15 Text 0 0 ,First,#,D:\WorkSpace\FireMgt\FireMgt_PRD10.gdb\FIREMGT_LastFire,INCIDENTTYPE,-1,-1;FIREDATE "FIREDATE" true true false 36 Date 0 0 ,First,#,D:\WorkSpace\FireMgt\FireMgt_PRD10.gdb\FIREMGT_LastFire,FIREDATE,-1,-1;FINANCIALYEAR "FINANCIALYEAR" true true false 10 Text 0 0 ,First,#,D:\WorkSpace\FireMgt\FireMgt_PRD10.gdb\FIREMGT_LastFire,FINANCIALYEAR,-1,-1;FIREYEAR "FIREYEAR" true true false 2 Short 0 5 ,First,#,D:\WorkSpace\FireMgt\FireMgt_PRD10.gdb\FIREMGT_LastFire,FIREYEAR,-1,-1;SEASON "SEASON" true true false 20 Text 0 0 ,First,#,D:\WorkSpace\FireMgt\FireMgt_PRD10.gdb\FIREMGT_LastFire,SEASON,-1,-1;DATERELIABILITY "DATERELIABILITY" true true false 2 Short 0 5 ,First,#,D:\WorkSpace\FireMgt\FireMgt_PRD10.gdb\FIREMGT_LastFire,DATERELIABILITY,-1,-1;SHAPE.AREA "SHAPE.AREA" false false true 0 Double 0 0 ,First,#;SHAPE.LEN "SHAPE.LEN" false false true 0 Double 0 0 ,First,#" #</Process><Process Name="Truncate Table" ToolSource="c:\esri\arcgis\desktop10.2\ArcToolbox\Toolboxes\Data Management Tools.tbx\TruncateTable" Date="20170502" Time="124444">TruncateTable "V:\GisAdmin\Datamgt\DatabaseConnections\ArcGis10.2\EgisDATA - PRD - firemgt.sde\FIREMGT.LastFire"</Process><Process Name="Append" ToolSource="c:\esri\arcgis\desktop10.2\ArcToolbox\Toolboxes\Data Management Tools.tbx\Append" Date="20170502" Time="124511">Append FIREMGT_LastFire_Layer "V:\GisAdmin\Datamgt\DatabaseConnections\ArcGis10.2\EgisDATA - PRD - firemgt.sde\FIREMGT.LastFire" NO_TEST "INCIDENTNUMBER "INCIDENTNUMBER" true true false 4 Long 0 10 ,First,#,FIREMGT_LastFire_Layer,INCIDENTNUMBER,-1,-1;INCIDENTNAME "INCIDENTNAME" true true false 50 Text 0 0 ,First,#,FIREMGT_LastFire_Layer,INCIDENTNAME,-1,-1;INCIDENTTYPE "INCIDENTTYPE" true true false 15 Text 0 0 ,First,#,FIREMGT_LastFire_Layer,INCIDENTTYPE,-1,-1;FIREDATE "FIREDATE" true true false 36 Date 0 0 ,First,#,FIREMGT_LastFire_Layer,FIREDATE,-1,-1;FINANCIALYEAR "FINANCIALYEAR" true true false 10 Text 0 0 ,First,#,FIREMGT_LastFire_Layer,FINANCIALYEAR,-1,-1;FIREYEAR "FIREYEAR" true true false 2 Short 0 5 ,First,#,FIREMGT_LastFire_Layer,FIREYEAR,-1,-1;SEASON "SEASON" true true false 20 Text 0 0 ,First,#,FIREMGT_LastFire_Layer,SEASON,-1,-1;DATERELIABILITY "DATERELIABILITY" true true false 2 Short 0 5 ,First,#,FIREMGT_LastFire_Layer,DATERELIABILITY,-1,-1;SHAPE.AREA "SHAPE.AREA" false false true 0 Double 0 0 ,First,#;SHAPE.LEN "SHAPE.LEN" false false true 0 Double 0 0 ,First,#" #</Process><Process Name="Truncate Table" ToolSource="c:\esri\arcgis\desktop10.2\ArcToolbox\Toolboxes\Data Management Tools.tbx\TruncateTable" Date="20170608" Time="153750">TruncateTable "V:\GisAdmin\Datamgt\DatabaseConnections\ArcGis10.2\EgisDATA - PRD - firemgt.sde\FIREMGT.LastFire"</Process><Process Name="Append" ToolSource="c:\esri\arcgis\desktop10.2\ArcToolbox\Toolboxes\Data Management Tools.tbx\Append" Date="20170608" Time="153817">Append FIREMGT_LastFire_Layer "V:\GisAdmin\Datamgt\DatabaseConnections\ArcGis10.2\EgisDATA - PRD - firemgt.sde\FIREMGT.LastFire" NO_TEST "INCIDENTNUMBER "INCIDENTNUMBER" true true false 4 Long 0 10 ,First,#,FIREMGT_LastFire_Layer,INCIDENTNUMBER,-1,-1;INCIDENTNAME "INCIDENTNAME" true true false 50 Text 0 0 ,First,#,FIREMGT_LastFire_Layer,INCIDENTNAME,-1,-1;INCIDENTTYPE "INCIDENTTYPE" true true false 15 Text 0 0 ,First,#,FIREMGT_LastFire_Layer,INCIDENTTYPE,-1,-1;FIREDATE "FIREDATE" true true false 36 Date 0 0 ,First,#,FIREMGT_LastFire_Layer,FIREDATE,-1,-1;FINANCIALYEAR "FINANCIALYEAR" true true false 10 Text 0 0 ,First,#,FIREMGT_LastFire_Layer,FINANCIALYEAR,-1,-1;FIREYEAR "FIREYEAR" true true false 2 Short 0 5 ,First,#,FIREMGT_LastFire_Layer,FIREYEAR,-1,-1;SEASON "SEASON" true true false 20 Text 0 0 ,First,#,FIREMGT_LastFire_Layer,SEASON,-1,-1;DATERELIABILITY "DATERELIABILITY" true true false 2 Short 0 5 ,First,#,FIREMGT_LastFire_Layer,DATERELIABILITY,-1,-1;SHAPE.AREA "SHAPE.AREA" false false true 0 Double 0 0 ,First,#;SHAPE.LEN "SHAPE.LEN" false false true 0 Double 0 0 ,First,#" #</Process><Process ToolSource="c:\esri\arcgis\desktop10.2\ArcToolbox\Toolboxes\Data Management Tools.tbx\TruncateTable" Date="20170807" Time="170754">TruncateTable "\\Env\gis\GisAdmin\Datamgt\DatabaseConnections\ArcGis10.2\EgisDATA - PRD - firemgt.sde\FIREMGT.LastFire"</Process><Process ToolSource="c:\esri\arcgis\desktop10.2\ArcToolbox\Toolboxes\Data Management Tools.tbx\Append" Date="20170807" Time="170821">Append D:\WorkSpace\FireMgt\FireMgt_PRD10.gdb\FIREMGT_LastFire "\\Env\gis\GisAdmin\Datamgt\DatabaseConnections\ArcGis10.2\EgisDATA - PRD - firemgt.sde\FIREMGT.LastFire" NO_TEST "INCIDENTNUMBER "INCIDENTNUMBER" true true false 4 Long 0 10 ,First,#,D:\WorkSpace\FireMgt\FireMgt_PRD10.gdb\FIREMGT_LastFire,INCIDENTNUMBER,-1,-1;INCIDENTNAME "INCIDENTNAME" true true false 50 Text 0 0 ,First,#,D:\WorkSpace\FireMgt\FireMgt_PRD10.gdb\FIREMGT_LastFire,INCIDENTNAME,-1,-1;INCIDENTTYPE "INCIDENTTYPE" true true false 15 Text 0 0 ,First,#,D:\WorkSpace\FireMgt\FireMgt_PRD10.gdb\FIREMGT_LastFire,INCIDENTTYPE,-1,-1;FIREDATE "FIREDATE" true true false 36 Date 0 0 ,First,#,D:\WorkSpace\FireMgt\FireMgt_PRD10.gdb\FIREMGT_LastFire,FIREDATE,-1,-1;FINANCIALYEAR "FINANCIALYEAR" true true false 10 Text 0 0 ,First,#,D:\WorkSpace\FireMgt\FireMgt_PRD10.gdb\FIREMGT_LastFire,FINANCIALYEAR,-1,-1;FIREYEAR "FIREYEAR" true true false 2 Short 0 5 ,First,#,D:\WorkSpace\FireMgt\FireMgt_PRD10.gdb\FIREMGT_LastFire,FIREYEAR,-1,-1;SEASON "SEASON" true true false 20 Text 0 0 ,First,#,D:\WorkSpace\FireMgt\FireMgt_PRD10.gdb\FIREMGT_LastFire,SEASON,-1,-1;DATERELIABILITY "DATERELIABILITY" true true false 2 Short 0 5 ,First,#,D:\WorkSpace\FireMgt\FireMgt_PRD10.gdb\FIREMGT_LastFire,DATERELIABILITY,-1,-1;SHAPE.AREA "SHAPE.AREA" false false true 0 Double 0 0 ,First,#;SHAPE.LEN "SHAPE.LEN" false false true 0 Double 0 0 ,First,#" #</Process><Process ToolSource="c:\esri\arcgis\desktop10.2\ArcToolbox\Toolboxes\Data Management Tools.tbx\TruncateTable" Date="20180102" Time="160339">TruncateTable "\\Env\gis\GisAdmin\Datamgt\DatabaseConnections\ArcGis10.2\EgisDATA - PRD - firemgt.sde\FIREMGT.LastFire"</Process><Process ToolSource="c:\esri\arcgis\desktop10.2\ArcToolbox\Toolboxes\Data Management Tools.tbx\Append" Date="20180102" Time="160407">Append D:\WorkSpace\FireMgt\FireMgt_PRD10.gdb\FIREMGT_LastFire "\\Env\gis\GisAdmin\Datamgt\DatabaseConnections\ArcGis10.2\EgisDATA - PRD - firemgt.sde\FIREMGT.LastFire" NO_TEST "INCIDENTNUMBER "INCIDENTNUMBER" true true false 4 Long 0 10 ,First,#,D:\WorkSpace\FireMgt\FireMgt_PRD10.gdb\FIREMGT_LastFire,INCIDENTNUMBER,-1,-1;INCIDENTNAME "INCIDENTNAME" true true false 50 Text 0 0 ,First,#,D:\WorkSpace\FireMgt\FireMgt_PRD10.gdb\FIREMGT_LastFire,INCIDENTNAME,-1,-1;INCIDENTTYPE "INCIDENTTYPE" true true false 15 Text 0 0 ,First,#,D:\WorkSpace\FireMgt\FireMgt_PRD10.gdb\FIREMGT_LastFire,INCIDENTTYPE,-1,-1;FIREDATE "FIREDATE" true true false 36 Date 0 0 ,First,#,D:\WorkSpace\FireMgt\FireMgt_PRD10.gdb\FIREMGT_LastFire,FIREDATE,-1,-1;FINANCIALYEAR "FINANCIALYEAR" true true false 10 Text 0 0 ,First,#,D:\WorkSpace\FireMgt\FireMgt_PRD10.gdb\FIREMGT_LastFire,FINANCIALYEAR,-1,-1;FIREYEAR "FIREYEAR" true true false 2 Short 0 5 ,First,#,D:\WorkSpace\FireMgt\FireMgt_PRD10.gdb\FIREMGT_LastFire,FIREYEAR,-1,-1;SEASON "SEASON" true true false 20 Text 0 0 ,First,#,D:\WorkSpace\FireMgt\FireMgt_PRD10.gdb\FIREMGT_LastFire,SEASON,-1,-1;DATERELIABILITY "DATERELIABILITY" true true false 2 Short 0 5 ,First,#,D:\WorkSpace\FireMgt\FireMgt_PRD10.gdb\FIREMGT_LastFire,DATERELIABILITY,-1,-1;SHAPE.AREA "SHAPE.AREA" false false true 0 Double 0 0 ,First,#;SHAPE.LEN "SHAPE.LEN" false false true 0 Double 0 0 ,First,#" #</Process><Process Name="Truncate Table" ToolSource="c:\esri\arcgis\desktop10.2\ArcToolbox\Toolboxes\Data Management Tools.tbx\TruncateTable" Date="20180205" Time="143212">TruncateTable "V:\GisAdmin\Datamgt\DatabaseConnections\ArcGis10.2\EgisDATA - PRD - firemgt.sde\FIREMGT.LastFire"</Process><Process Name="Append" ToolSource="c:\esri\arcgis\desktop10.2\ArcToolbox\Toolboxes\Data Management Tools.tbx\Append" Date="20180205" Time="143235">Append FIREMGT_LastFire_Layer "V:\GisAdmin\Datamgt\DatabaseConnections\ArcGis10.2\EgisDATA - PRD - firemgt.sde\FIREMGT.LastFire" NO_TEST "INCIDENTNUMBER "INCIDENTNUMBER" true true false 4 Long 0 10 ,First,#,FIREMGT_LastFire_Layer,INCIDENTNUMBER,-1,-1;INCIDENTNAME "INCIDENTNAME" true true false 50 Text 0 0 ,First,#,FIREMGT_LastFire_Layer,INCIDENTNAME,-1,-1;INCIDENTTYPE "INCIDENTTYPE" true true false 15 Text 0 0 ,First,#,FIREMGT_LastFire_Layer,INCIDENTTYPE,-1,-1;FIREDATE "FIREDATE" true true false 36 Date 0 0 ,First,#,FIREMGT_LastFire_Layer,FIREDATE,-1,-1;FINANCIALYEAR "FINANCIALYEAR" true true false 10 Text 0 0 ,First,#,FIREMGT_LastFire_Layer,FINANCIALYEAR,-1,-1;FIREYEAR "FIREYEAR" true true false 2 Short 0 5 ,First,#,FIREMGT_LastFire_Layer,FIREYEAR,-1,-1;SEASON "SEASON" true true false 20 Text 0 0 ,First,#,FIREMGT_LastFire_Layer,SEASON,-1,-1;DATERELIABILITY "DATERELIABILITY" true true false 2 Short 0 5 ,First,#,FIREMGT_LastFire_Layer,DATERELIABILITY,-1,-1;SHAPE.AREA "SHAPE.AREA" false false true 0 Double 0 0 ,First,#;SHAPE.LEN "SHAPE.LEN" false false true 0 Double 0 0 ,First,#" #</Process><Process Name="Truncate Table" ToolSource="c:\esri\arcgis\desktop10.2\ArcToolbox\Toolboxes\Data Management Tools.tbx\TruncateTable" Date="20180219" Time="095407">TruncateTable "V:\GisAdmin\Datamgt\DatabaseConnections\ArcGis10.2\EgisDATA - PRD - firemgt.sde\FIREMGT.LastFire"</Process><Process Name="Append" ToolSource="c:\esri\arcgis\desktop10.2\ArcToolbox\Toolboxes\Data Management Tools.tbx\Append" Date="20180219" Time="095428">Append FIREMGT_LastFire_Layer "V:\GisAdmin\Datamgt\DatabaseConnections\ArcGis10.2\EgisDATA - PRD - firemgt.sde\FIREMGT.LastFire" NO_TEST "INCIDENTNUMBER "INCIDENTNUMBER" true true false 4 Long 0 10 ,First,#,FIREMGT_LastFire_Layer,INCIDENTNUMBER,-1,-1;INCIDENTNAME "INCIDENTNAME" true true false 50 Text 0 0 ,First,#,FIREMGT_LastFire_Layer,INCIDENTNAME,-1,-1;INCIDENTTYPE "INCIDENTTYPE" true true false 15 Text 0 0 ,First,#,FIREMGT_LastFire_Layer,INCIDENTTYPE,-1,-1;FIREDATE "FIREDATE" true true false 36 Date 0 0 ,First,#,FIREMGT_LastFire_Layer,FIREDATE,-1,-1;FINANCIALYEAR "FINANCIALYEAR" true true false 10 Text 0 0 ,First,#,FIREMGT_LastFire_Layer,FINANCIALYEAR,-1,-1;FIREYEAR "FIREYEAR" true true false 2 Short 0 5 ,First,#,FIREMGT_LastFire_Layer,FIREYEAR,-1,-1;SEASON "SEASON" true true false 20 Text 0 0 ,First,#,FIREMGT_LastFire_Layer,SEASON,-1,-1;DATERELIABILITY "DATERELIABILITY" true true false 2 Short 0 5 ,First,#,FIREMGT_LastFire_Layer,DATERELIABILITY,-1,-1;SHAPE.AREA "SHAPE.AREA" false false true 0 Double 0 0 ,First,#;SHAPE.LEN "SHAPE.LEN" false false true 0 Double 0 0 ,First,#" #</Process><Process ToolSource="c:\esri\arcgis\desktop10.2\ArcToolbox\Toolboxes\Data Management Tools.tbx\TruncateTable" Date="20180427" Time="171021">TruncateTable "\\Env\gis\GisAdmin\Datamgt\DatabaseConnections\ArcGis10.2\EgisDATA - PRD - firemgt.sde\FIREMGT.LastFire"</Process><Process ToolSource="c:\esri\arcgis\desktop10.2\ArcToolbox\Toolboxes\Data Management Tools.tbx\Append" Date="20180427" Time="171044">Append D:\WorkSpace\FireMgt\FireMgt_PRD10.gdb\FIREMGT_LastFire "\\Env\gis\GisAdmin\Datamgt\DatabaseConnections\ArcGis10.2\EgisDATA - PRD - firemgt.sde\FIREMGT.LastFire" NO_TEST "INCIDENTNUMBER "INCIDENTNUMBER" true true false 4 Long 0 10 ,First,#,D:\WorkSpace\FireMgt\FireMgt_PRD10.gdb\FIREMGT_LastFire,INCIDENTNUMBER,-1,-1;INCIDENTNAME "INCIDENTNAME" true true false 50 Text 0 0 ,First,#,D:\WorkSpace\FireMgt\FireMgt_PRD10.gdb\FIREMGT_LastFire,INCIDENTNAME,-1,-1;INCIDENTTYPE "INCIDENTTYPE" true true false 15 Text 0 0 ,First,#,D:\WorkSpace\FireMgt\FireMgt_PRD10.gdb\FIREMGT_LastFire,INCIDENTTYPE,-1,-1;FIREDATE "FIREDATE" true true false 36 Date 0 0 ,First,#,D:\WorkSpace\FireMgt\FireMgt_PRD10.gdb\FIREMGT_LastFire,FIREDATE,-1,-1;FINANCIALYEAR "FINANCIALYEAR" true true false 10 Text 0 0 ,First,#,D:\WorkSpace\FireMgt\FireMgt_PRD10.gdb\FIREMGT_LastFire,FINANCIALYEAR,-1,-1;FIREYEAR "FIREYEAR" true true false 2 Short 0 5 ,First,#,D:\WorkSpace\FireMgt\FireMgt_PRD10.gdb\FIREMGT_LastFire,FIREYEAR,-1,-1;SEASON "SEASON" true true false 20 Text 0 0 ,First,#,D:\WorkSpace\FireMgt\FireMgt_PRD10.gdb\FIREMGT_LastFire,SEASON,-1,-1;DATERELIABILITY "DATERELIABILITY" true true false 2 Short 0 5 ,First,#,D:\WorkSpace\FireMgt\FireMgt_PRD10.gdb\FIREMGT_LastFire,DATERELIABILITY,-1,-1;SHAPE.AREA "SHAPE.AREA" false false true 0 Double 0 0 ,First,#;SHAPE.LEN "SHAPE.LEN" false false true 0 Double 0 0 ,First,#" #</Process><Process ToolSource="c:\esri\arcgis\desktop10.2\ArcToolbox\Toolboxes\Data Management Tools.tbx\ChangePrivileges" Date="20180608" Time="140445">ChangePrivileges '\\Env\gis\GisAdmin\Datamgt\DatabaseConnections\ArcGis10.2\EgisDATA - PRD - FIREMGT.sde\FIREMGT.LASTFIRE' FIMS_READ GRANT #</Process><Process ToolSource="c:\esri\arcgis\desktop10.2\ArcToolbox\Toolboxes\Data Management Tools.tbx\ChangePrivileges" Date="20180608" Time="140908">ChangePrivileges '\\Env\gis\GisAdmin\Datamgt\DatabaseConnections\ArcGis10.2\EgisDATA - PRD - FIREMGT.sde\FIREMGT.LASTFIRE' FIMS_READ GRANT #</Process><Process ToolSource="c:\esri\arcgis\desktop10.2\ArcToolbox\Toolboxes\Data Management Tools.tbx\ChangePrivileges" Date="20180608" Time="150505">ChangePrivileges '\\Env\gis\GisAdmin\Datamgt\DatabaseConnections\ArcGis10.2\EgisDATA - PRD - FIREMGT.sde\FIREMGT.LASTFIRE' FIMS_READ GRANT #</Process><Process ToolSource="c:\esri\arcgis\desktop10.2\ArcToolbox\Toolboxes\Data Management Tools.tbx\ChangePrivileges" Date="20180608" Time="151424">ChangePrivileges '\\Env\gis\GisAdmin\Datamgt\DatabaseConnections\ArcGis10.2\EgisDATA - PRD - FIREMGT.sde\FIREMGT.LASTFIRE' FIMS_READ GRANT #</Process><Process ToolSource="c:\esri\arcgis\desktop10.2\ArcToolbox\Toolboxes\Data Management Tools.tbx\ChangePrivileges" Date="20180611" Time="080209">ChangePrivileges '\\Env\gis\GisAdmin\Datamgt\DatabaseConnections\ArcGis10.2\EgisDATA - PRD - FIREMGT.sde\FIREMGT.LASTFIRE' FIMS_READ GRANT #</Process><Process ToolSource="c:\esri\arcgis\desktop10.2\ArcToolbox\Toolboxes\Data Management Tools.tbx\ChangePrivileges" Date="20180613" Time="080211">ChangePrivileges '\\Env\gis\GisAdmin\Datamgt\DatabaseConnections\ArcGis10.2\EgisDATA - PRD - FIREMGT.sde\FIREMGT.LASTFIRE' FIMS_READ GRANT #</Process><Process ToolSource="c:\esri\arcgis\desktop10.2\ArcToolbox\Toolboxes\Data Management Tools.tbx\ChangePrivileges" Date="20180615" Time="080158">ChangePrivileges '\\Env\gis\GisAdmin\Datamgt\DatabaseConnections\ArcGis10.2\EgisDATA - PRD - FIREMGT.sde\FIREMGT.LASTFIRE' FIMS_READ GRANT #</Process><Process ToolSource="c:\esri\arcgis\desktop10.2\ArcToolbox\Toolboxes\Data Management Tools.tbx\ChangePrivileges" Date="20180618" Time="080206">ChangePrivileges '\\Env\gis\GisAdmin\Datamgt\DatabaseConnections\ArcGis10.2\EgisDATA - PRD - FIREMGT.sde\FIREMGT.LASTFIRE' FIMS_READ GRANT #</Process><Process ToolSource="c:\esri\arcgis\desktop10.2\ArcToolbox\Toolboxes\Data Management Tools.tbx\ChangePrivileges" Date="20180619" Time="080157">ChangePrivileges '\\Env\gis\GisAdmin\Datamgt\DatabaseConnections\ArcGis10.2\EgisDATA - PRD - FIREMGT.sde\FIREMGT.LASTFIRE' FIMS_READ GRANT #</Process><Process ToolSource="c:\esri\arcgis\desktop10.2\ArcToolbox\Toolboxes\Data Management Tools.tbx\ChangePrivileges" Date="20180620" Time="080210">ChangePrivileges '\\Env\gis\GisAdmin\Datamgt\DatabaseConnections\ArcGis10.2\EgisDATA - PRD - FIREMGT.sde\FIREMGT.LASTFIRE' FIMS_READ GRANT #</Process><Process ToolSource="c:\esri\arcgis\desktop10.2\ArcToolbox\Toolboxes\Data Management Tools.tbx\ChangePrivileges" Date="20180622" Time="080159">ChangePrivileges '\\Env\gis\GisAdmin\Datamgt\DatabaseConnections\ArcGis10.2\EgisDATA - PRD - FIREMGT.sde\FIREMGT.LASTFIRE' FIMS_READ GRANT #</Process><Process ToolSource="c:\esri\arcgis\desktop10.2\ArcToolbox\Toolboxes\Data Management Tools.tbx\ChangePrivileges" Date="20180625" Time="080208">ChangePrivileges '\\Env\gis\GisAdmin\Datamgt\DatabaseConnections\ArcGis10.2\EgisDATA - PRD - FIREMGT.sde\FIREMGT.LASTFIRE' FIMS_READ GRANT #</Process><Process ToolSource="c:\esri\arcgis\desktop10.2\ArcToolbox\Toolboxes\Data Management Tools.tbx\ChangePrivileges" Date="20180627" Time="080158">ChangePrivileges '\\Env\gis\GisAdmin\Datamgt\DatabaseConnections\ArcGis10.2\EgisDATA - PRD - FIREMGT.sde\FIREMGT.LASTFIRE' FIMS_READ GRANT #</Process><Process ToolSource="c:\esri\arcgis\desktop10.2\ArcToolbox\Toolboxes\Data Management Tools.tbx\ChangePrivileges" Date="20180629" Time="080214">ChangePrivileges '\\Env\gis\GisAdmin\Datamgt\DatabaseConnections\ArcGis10.2\EgisDATA - PRD - FIREMGT.sde\FIREMGT.LASTFIRE' FIMS_READ GRANT #</Process><Process ToolSource="c:\esri\arcgis\desktop10.2\ArcToolbox\Toolboxes\Data Management Tools.tbx\ChangePrivileges" Date="20180703" Time="080201">ChangePrivileges '\\Env\gis\GisAdmin\Datamgt\DatabaseConnections\ArcGis10.2\EgisDATA - PRD - FIREMGT.sde\FIREMGT.LASTFIRE' FIMS_READ GRANT #</Process><Process ToolSource="c:\esri\arcgis\desktop10.2\ArcToolbox\Toolboxes\Data Management Tools.tbx\ChangePrivileges" Date="20180704" Time="080159">ChangePrivileges '\\Env\gis\GisAdmin\Datamgt\DatabaseConnections\ArcGis10.2\EgisDATA - PRD - FIREMGT.sde\FIREMGT.LASTFIRE' FIMS_READ GRANT #</Process><Process ToolSource="c:\esri\arcgis\desktop10.2\ArcToolbox\Toolboxes\Data Management Tools.tbx\ChangePrivileges" Date="20180705" Time="080212">ChangePrivileges '\\Env\gis\GisAdmin\Datamgt\DatabaseConnections\ArcGis10.2\EgisDATA - PRD - FIREMGT.sde\FIREMGT.LASTFIRE' FIMS_READ GRANT #</Process><Process ToolSource="c:\esri\arcgis\desktop10.2\ArcToolbox\Toolboxes\Data Management Tools.tbx\ChangePrivileges" Date="20180706" Time="080159">ChangePrivileges '\\Env\gis\GisAdmin\Datamgt\DatabaseConnections\ArcGis10.2\EgisDATA - PRD - FIREMGT.sde\FIREMGT.LASTFIRE' FIMS_READ GRANT #</Process><Process ToolSource="c:\esri\arcgis\desktop10.2\ArcToolbox\Toolboxes\Data Management Tools.tbx\ChangePrivileges" Date="20180709" Time="080200">ChangePrivileges '\\Env\gis\GisAdmin\Datamgt\DatabaseConnections\ArcGis10.2\EgisDATA - PRD - FIREMGT.sde\FIREMGT.LASTFIRE' FIMS_READ GRANT #</Process><Process ToolSource="c:\esri\arcgis\desktop10.2\ArcToolbox\Toolboxes\Data Management Tools.tbx\ChangePrivileges" Date="20180710" Time="080202">ChangePrivileges '\\Env\gis\GisAdmin\Datamgt\DatabaseConnections\ArcGis10.2\EgisDATA - PRD - FIREMGT.sde\FIREMGT.LASTFIRE' FIMS_READ GRANT #</Process><Process ToolSource="c:\esri\arcgis\desktop10.2\ArcToolbox\Toolboxes\Data Management Tools.tbx\ChangePrivileges" Date="20180711" Time="080219">ChangePrivileges '\\Env\gis\GisAdmin\Datamgt\DatabaseConnections\ArcGis10.2\EgisDATA - PRD - FIREMGT.sde\FIREMGT.LASTFIRE' FIMS_READ GRANT #</Process><Process ToolSource="c:\esri\arcgis\desktop10.2\ArcToolbox\Toolboxes\Data Management Tools.tbx\ChangePrivileges" Date="20180712" Time="080205">ChangePrivileges '\\Env\gis\GisAdmin\Datamgt\DatabaseConnections\ArcGis10.2\EgisDATA - PRD - FIREMGT.sde\FIREMGT.LASTFIRE' FIMS_READ GRANT #</Process><Process ToolSource="c:\esri\arcgis\desktop10.2\ArcToolbox\Toolboxes\Data Management Tools.tbx\ChangePrivileges" Date="20180713" Time="080159">ChangePrivileges '\\Env\gis\GisAdmin\Datamgt\DatabaseConnections\ArcGis10.2\EgisDATA - PRD - FIREMGT.sde\FIREMGT.LASTFIRE' FIMS_READ GRANT #</Process><Process ToolSource="c:\esri\arcgis\desktop10.2\ArcToolbox\Toolboxes\Data Management Tools.tbx\ChangePrivileges" Date="20180716" Time="080214">ChangePrivileges '\\Env\gis\GisAdmin\Datamgt\DatabaseConnections\ArcGis10.2\EgisDATA - PRD - FIREMGT.sde\FIREMGT.LASTFIRE' FIMS_READ GRANT #</Process><Process ToolSource="c:\esri\arcgis\desktop10.2\ArcToolbox\Toolboxes\Data Management Tools.tbx\ChangePrivileges" Date="20180717" Time="080204">ChangePrivileges '\\Env\gis\GisAdmin\Datamgt\DatabaseConnections\ArcGis10.2\EgisDATA - PRD - FIREMGT.sde\FIREMGT.LASTFIRE' FIMS_READ GRANT #</Process><Process ToolSource="c:\esri\arcgis\desktop10.2\ArcToolbox\Toolboxes\Data Management Tools.tbx\ChangePrivileges" Date="20180718" Time="080203">ChangePrivileges '\\Env\gis\GisAdmin\Datamgt\DatabaseConnections\ArcGis10.2\EgisDATA - PRD - FIREMGT.sde\FIREMGT.LASTFIRE' FIMS_READ GRANT #</Process><Process ToolSource="c:\esri\arcgis\desktop10.2\ArcToolbox\Toolboxes\Data Management Tools.tbx\ChangePrivileges" Date="20180719" Time="080157">ChangePrivileges '\\Env\gis\GisAdmin\Datamgt\DatabaseConnections\ArcGis10.2\EgisDATA - PRD - FIREMGT.sde\FIREMGT.LASTFIRE' FIMS_READ GRANT #</Process><Process ToolSource="c:\esri\arcgis\desktop10.2\ArcToolbox\Toolboxes\Data Management Tools.tbx\ChangePrivileges" Date="20180720" Time="080202">ChangePrivileges '\\Env\gis\GisAdmin\Datamgt\DatabaseConnections\ArcGis10.2\EgisDATA - PRD - FIREMGT.sde\FIREMGT.LASTFIRE' FIMS_READ GRANT #</Process><Process ToolSource="c:\esri\arcgis\desktop10.2\ArcToolbox\Toolboxes\Data Management Tools.tbx\ChangePrivileges" Date="20180723" Time="080202">ChangePrivileges '\\Env\gis\GisAdmin\Datamgt\DatabaseConnections\ArcGis10.2\EgisDATA - PRD - FIREMGT.sde\FIREMGT.LASTFIRE' FIMS_READ GRANT #</Process><Process ToolSource="c:\esri\arcgis\desktop10.2\ArcToolbox\Toolboxes\Data Management Tools.tbx\ChangePrivileges" Date="20180725" Time="080201">ChangePrivileges '\\Env\gis\GisAdmin\Datamgt\DatabaseConnections\ArcGis10.2\EgisDATA - PRD - FIREMGT.sde\FIREMGT.LASTFIRE' FIMS_READ GRANT #</Process><Process ToolSource="c:\esri\arcgis\desktop10.2\ArcToolbox\Toolboxes\Data Management Tools.tbx\ChangePrivileges" Date="20180726" Time="080206">ChangePrivileges '\\Env\gis\GisAdmin\Datamgt\DatabaseConnections\ArcGis10.2\EgisDATA - PRD - FIREMGT.sde\FIREMGT.LASTFIRE' FIMS_READ GRANT #</Process><Process ToolSource="c:\esri\arcgis\desktop10.2\ArcToolbox\Toolboxes\Data Management Tools.tbx\ChangePrivileges" Date="20180727" Time="080157">ChangePrivileges '\\Env\gis\GisAdmin\Datamgt\DatabaseConnections\ArcGis10.2\EgisDATA - PRD - FIREMGT.sde\FIREMGT.LASTFIRE' FIMS_READ GRANT #</Process><Process ToolSource="c:\esri\arcgis\desktop10.2\ArcToolbox\Toolboxes\Data Management Tools.tbx\ChangePrivileges" Date="20180730" Time="080202">ChangePrivileges '\\Env\gis\GisAdmin\Datamgt\DatabaseConnections\ArcGis10.2\EgisDATA - PRD - FIREMGT.sde\FIREMGT.LASTFIRE' FIMS_READ GRANT #</Process><Process ToolSource="c:\esri\arcgis\desktop10.2\ArcToolbox\Toolboxes\Data Management Tools.tbx\ChangePrivileges" Date="20180731" Time="080202">ChangePrivileges '\\Env\gis\GisAdmin\Datamgt\DatabaseConnections\ArcGis10.2\EgisDATA - PRD - FIREMGT.sde\FIREMGT.LASTFIRE' FIMS_READ GRANT #</Process><Process ToolSource="c:\esri\arcgis\desktop10.2\ArcToolbox\Toolboxes\Data Management Tools.tbx\ChangePrivileges" Date="20180801" Time="080200">ChangePrivileges '\\Env\gis\GisAdmin\Datamgt\DatabaseConnections\ArcGis10.2\EgisDATA - PRD - FIREMGT.sde\FIREMGT.LASTFIRE' FIMS_READ GRANT #</Process><Process ToolSource="c:\esri\arcgis\desktop10.2\ArcToolbox\Toolboxes\Data Management Tools.tbx\ChangePrivileges" Date="20180801" Time="083846">ChangePrivileges '\\Env\gis\GisAdmin\Datamgt\DatabaseConnections\ArcGis10.2\EgisDATA - PRD - FIREMGT.sde\FIREMGT.LASTFIRE' FIMS_READ GRANT #</Process><Process ToolSource="c:\esri\arcgis\desktop10.2\ArcToolbox\Toolboxes\Data Management Tools.tbx\ChangePrivileges" Date="20180802" Time="080203">ChangePrivileges '\\Env\gis\GisAdmin\Datamgt\DatabaseConnections\ArcGis10.2\EgisDATA - PRD - FIREMGT.sde\FIREMGT.LASTFIRE' FIMS_READ GRANT #</Process><Process Name="Truncate Table" ToolSource="c:\program files (x86)\arcgis\desktop10.6\ArcToolbox\Toolboxes\Data Management Tools.tbx\TruncateTable" Date="20180806" Time="165413">TruncateTable "V:\GisAdmin\Datamgt\DatabaseConnections\ArcGis10.2\EgisDATA - PRD - firemgt.sde\FIREMGT.LastFire"</Process><Process Name="Append" ToolSource="c:\program files (x86)\arcgis\desktop10.6\ArcToolbox\Toolboxes\Data Management Tools.tbx\Append" Date="20180806" Time="165435">Append FIREMGT_LastFire_Layer "V:\GisAdmin\Datamgt\DatabaseConnections\ArcGis10.2\EgisDATA - PRD - firemgt.sde\FIREMGT.LastFire" NO_TEST "INCIDENTNUMBER "INCIDENTNUMBER" true true false 4 Long 0 10 ,First,#,FIREMGT_LastFire_Layer,INCIDENTNUMBER,-1,-1;INCIDENTNAME "INCIDENTNAME" true true false 50 Text 0 0 ,First,#,FIREMGT_LastFire_Layer,INCIDENTNAME,-1,-1;INCIDENTTYPE "INCIDENTTYPE" true true false 15 Text 0 0 ,First,#,FIREMGT_LastFire_Layer,INCIDENTTYPE,-1,-1;FIREDATE "FIREDATE" true true false 8 Date 0 0 ,First,#,FIREMGT_LastFire_Layer,FIREDATE,-1,-1;FINANCIALYEAR "FINANCIALYEAR" true true false 10 Text 0 0 ,First,#,FIREMGT_LastFire_Layer,FINANCIALYEAR,-1,-1;FIREYEAR "FIREYEAR" true true false 2 Short 0 5 ,First,#,FIREMGT_LastFire_Layer,FIREYEAR,-1,-1;SEASON "SEASON" true true false 20 Text 0 0 ,First,#,FIREMGT_LastFire_Layer,SEASON,-1,-1;DATERELIABILITY "DATERELIABILITY" true true false 2 Short 0 5 ,First,#,FIREMGT_LastFire_Layer,DATERELIABILITY,-1,-1;SHAPE.AREA "SHAPE.AREA" false false true 0 Double 0 0 ,First,#;SHAPE.LEN "SHAPE.LEN" false false true 0 Double 0 0 ,First,#" #</Process><Process ToolSource="c:\program files (x86)\arcgis\desktop10.6\ArcToolbox\Toolboxes\Data Management Tools.tbx\ChangePrivileges" Date="20180807" Time="080229">ChangePrivileges '\\Env\gis\GisAdmin\Datamgt\DatabaseConnections\ArcGis10.2\EgisDATA - PRD - FIREMGT.sde\FIREMGT.LASTFIRE' FIMS_READ GRANT #</Process><Process ToolSource="c:\program files (x86)\arcgis\desktop10.6\ArcToolbox\Toolboxes\Data Management Tools.tbx\ChangePrivileges" Date="20180808" Time="080226">ChangePrivileges '\\Env\gis\GisAdmin\Datamgt\DatabaseConnections\ArcGis10.2\EgisDATA - PRD - FIREMGT.sde\FIREMGT.LASTFIRE' FIMS_READ GRANT #</Process><Process ToolSource="c:\program files (x86)\arcgis\desktop10.6\ArcToolbox\Toolboxes\Data Management Tools.tbx\ChangePrivileges" Date="20180809" Time="080310">ChangePrivileges '\\Env\gis\GisAdmin\Datamgt\DatabaseConnections\ArcGis10.2\EgisDATA - PRD - FIREMGT.sde\FIREMGT.LASTFIRE' FIMS_READ GRANT #</Process><Process ToolSource="c:\program files (x86)\arcgis\desktop10.6\ArcToolbox\Toolboxes\Data Management Tools.tbx\ChangePrivileges" Date="20180810" Time="080308">ChangePrivileges '\\Env\gis\GisAdmin\Datamgt\DatabaseConnections\ArcGis10.2\EgisDATA - PRD - FIREMGT.sde\FIREMGT.LASTFIRE' FIMS_READ GRANT #</Process><Process ToolSource="c:\program files (x86)\arcgis\desktop10.6\ArcToolbox\Toolboxes\Data Management Tools.tbx\Copy" Date="20180810" Time="191406">Copy "\\Env\gis\GisAdmin\Datamgt\DatabaseConnections\ArcGis10.2\EgisDATA - PRD - (sde).sde\FIREMGT.LastFire" D:\WorkSpace\DEWNRDownload\DEWNRDownload_PRD10.gdb\FIREMGT_LastFire FeatureClass</Process><Process ToolSource="c:\program files (x86)\arcgis\desktop10.6\ArcToolbox\Toolboxes\Data Management Tools.tbx\CopyFeatures" Date="20180810" Time="191413">CopyFeatures D:\WorkSpace\DEWNRDownload\DEWNRDownload_PRD10.gdb\FIREMGT_LastFire D:\WorkSpace\DEWNRDownload\FIREMGT_LastFire_shp\FIREMGT_LastFire.shp # 0 0 0</Process><Process ToolSource="c:\program files (x86)\arcgis\desktop10.6\ArcToolbox\Toolboxes\Analysis Tools.tbx\Clip" Date="20180811" Time="184216">Clip FIREMGT_LastFire Fire_Ban_districts "D:\OneDrive - University of South Australia\Kanbox\UNISA\Teaching\GEOE 3019 Digital Carto\_assignments\A3\fire\FIREMGT_LastFire_shp\FIREMGT_LastFire_clip.shp" #</Process><Process ToolSource="c:\program files (x86)\arcgis\desktop10.6\ArcToolbox\Toolboxes\Data Management Tools.tbx\CalculateField" Date="20180811" Time="184417">CalculateField FIREMGT_LastFire_clip uniqueID [FID] VB #</Process><Process ToolSource="c:\program files (x86)\arcgis\desktop10.6\ArcToolbox\Toolboxes\Cartography Tools.tbx\SimplifyPolygon" Date="20180811" Time="184846">SimplifyPolygon FIREMGT_LastFire_clip "D:\OneDrive - University of South Australia\Kanbox\UNISA\Teaching\GEOE 3019 Digital Carto\_assignments\A3\fire\FIREMGT_LastFire_shp\FIREMGT_LastFire_clip_simpl.shp" POINT_REMOVE "100 Meters" "50 SquareKilometers" RESOLVE_ERRORS NO_KEEP #</Process><Process ToolSource="c:\program files (x86)\arcgis\desktop10.6\ArcToolbox\Toolboxes\Analysis Tools.tbx\Clip" Date="20180811" Time="220920">Clip FIREMGT_LastFire_clip_simpl Fire_Ban_districts_sel "D:\OneDrive - University of South Australia\Kanbox\UNISA\Teaching\GEOE 3019 Digital Carto\_assignments\A3\fire\FIREMGT_LastFire_shp\FIREMGT_LastFire_clip_simpl_sel.shp" #</Process><Process ToolSource="c:\program files (x86)\arcgis\desktop10.6\ArcToolbox\Toolboxes\Data Management Tools.tbx\Project" Date="20180811" Time="223936">Project FIREMGT_LastFire_clip_simpl_sel "D:\OneDrive - University of South Australia\Kanbox\UNISA\Teaching\GEOE 3019 Digital Carto\_assignments\A3\fire\FIREMGT_LastFire_shp\final\fire_incidents_areas.shp" GEOGCS['GCS_WGS_1984',DATUM['D_WGS_1984',SPHEROID['WGS_1984',6378137.0,298.257223563]],PRIMEM['Greenwich',0.0],UNIT['Degree',0.0174532925199433]],VERTCS['EGM96_Geoid',VDATUM['EGM96_Geoid'],PARAMETER['Vertical_Shift',0.0],PARAMETER['Direction',1.0],UNIT['Meter',1.0]] GDA_1994_To_WGS_1984 PROJCS['GDA_1994_South_Australia_Lambert',GEOGCS['GCS_GDA_1994',DATUM['D_GDA_1994',SPHEROID['GRS_1980',6378137.0,298.257222101]],PRIMEM['Greenwich',0.0],UNIT['Degree',0.0174532925199433]],PROJECTION['Lambert_Conformal_Conic'],PARAMETER['False_Easting',1000000.0],PARAMETER['False_Northing',2000000.0],PARAMETER['Central_Meridian',135.0],PARAMETER['Standard_Parallel_1',-28.0],PARAMETER['Standard_Parallel_2',-36.0],PARAMETER['Latitude_Of_Origin',-32.0],UNIT['Meter',1.0]] NO_PRESERVE_SHAPE # NO_VERTICAL</Process><Process ToolSource="c:\program files (x86)\arcgis\desktop10.6\ArcToolbox\Toolboxes\Cartography Tools.tbx\SmoothPolygon" Date="20180812" Time="072459">SmoothPolygon fire_incidents_areas "D:\OneDrive - University of South Australia\Kanbox\UNISA\Teaching\GEOE 3019 Digital Carto\_assignments\A3\fire\final\fire_incidents_areas_SmoothP.shp" PAEK "300 Meters" FIXED_ENDPOINT NO_CHECK</Process><Process ToolSource="c:\program files (x86)\arcgis\desktop10.6\ArcToolbox\Toolboxes\Cartography Tools.tbx\SmoothPolygon" Date="20180812" Time="072534">SmoothPolygon fire_incidents_areas_SmoothP C:\Users\Stefan\Documents\ArcGIS\Default.gdb\fire_incidents_areas_SmoothP1 PAEK "600 Meters" FIXED_ENDPOINT NO_CHECK</Process><Process ToolSource="c:\program files (x86)\arcgis\desktop10.6\ArcToolbox\Toolboxes\Cartography Tools.tbx\SmoothPolygon" Date="20180812" Time="072652">SmoothPolygon fire_incidents_areas_SmoothP1 "D:\OneDrive - University of South Australia\Kanbox\UNISA\Teaching\GEOE 3019 Digital Carto\_assignments\A3\fire\final\fire_incidents_areas_smooth.shp" PAEK "1 Kilometers" FIXED_ENDPOINT NO_CHECK</Process><Process ToolSource="c:\program files (x86)\arcgis\desktop10.6\ArcToolbox\Toolboxes\Data Management Tools.tbx\CalculateField" Date="20180812" Time="074739">CalculateField fire_incidents_areas_smooth Area_sqm [aream_sqkm]*1000000 VB #</Process><Process ToolSource="c:\program files (x86)\arcgis\desktop10.6\ArcToolbox\Toolboxes\Data Management Tools.tbx\CalculateField" Date="20180812" Time="075358">CalculateField fire_incidents_areas_smooth area_ha [Area_sqm]/10000 VB #</Process><Process ToolSource="c:\program files (x86)\arcgis\desktop10.6\ArcToolbox\Toolboxes\Data Management Tools.tbx\CalculateField" Date="20180812" Time="075559">CalculateField fire_incidents_areas_smooth uniqueID [FID] VB #</Process></lineage><itemProps><itemName Sync="TRUE">fire_incidents_areas_smooth</itemName><imsContentType Sync="TRUE">002</imsContentType><itemLocation><linkage Sync="TRUE">file://\\STEFAN\D$\OneDrive - University of South Australia\Kanbox\UNISA\Teaching\GEOE 3019 Digital Carto\_assignments\A3\fire\final\fire_incidents_areas_smooth.shp</linkage><protocol Sync="TRUE">Local Area Network</protocol></itemLocation><itemSize Sync="TRUE">0.000</itemSize></itemProps><coordRef><type Sync="TRUE">Geographic</type><geogcsn Sync="TRUE">GCS_WGS_1984</geogcsn><csUnits Sync="TRUE">Angular Unit: Degree (0.017453)</csUnits><peXml Sync="TRUE">&lt;GeographicCoordinateSystem xsi:type='typens:GeographicCoordinateSystem' xmlns:xsi='http://www.w3.org/2001/XMLSchema-instance' xmlns:xs='http://www.w3.org/2001/XMLSchema' xmlns:typens='http://www.esri.com/schemas/ArcGIS/10.6'&gt;&lt;WKT&gt;GEOGCS[&amp;quot;GCS_WGS_1984&amp;quot;,DATUM[&amp;quot;D_WGS_1984&amp;quot;,SPHEROID[&amp;quot;WGS_1984&amp;quot;,6378137.0,298.257223563]],PRIMEM[&amp;quot;Greenwich&amp;quot;,0.0],UNIT[&amp;quot;Degree&amp;quot;,0.0174532925199433]],VERTCS[&amp;quot;EGM96_Geoid&amp;quot;,VDATUM[&amp;quot;EGM96_Geoid&amp;quot;],PARAMETER[&amp;quot;Vertical_Shift&amp;quot;,0.0],PARAMETER[&amp;quot;Direction&amp;quot;,1.0],UNIT[&amp;quot;Meter&amp;quot;,1.0]]&lt;/WKT&gt;&lt;XOrigin&gt;-400&lt;/XOrigin&gt;&lt;YOrigin&gt;-400&lt;/YOrigin&gt;&lt;XYScale&gt;11258999068426.238&lt;/XYScale&gt;&lt;ZOrigin&gt;-100000&lt;/ZOrigin&gt;&lt;ZScale&gt;10000&lt;/ZScale&gt;&lt;MOrigin&gt;-100000&lt;/MOrigin&gt;&lt;MScale&gt;10000&lt;/MScale&gt;&lt;XYTolerance&gt;8.983152841195215e-09&lt;/XYTolerance&gt;&lt;ZTolerance&gt;0.001&lt;/ZTolerance&gt;&lt;MTolerance&gt;0.001&lt;/MTolerance&gt;&lt;HighPrecision&gt;true&lt;/HighPrecision&gt;&lt;LeftLongitude&gt;-180&lt;/LeftLongitude&gt;&lt;WKID&gt;4326&lt;/WKID&gt;&lt;LatestWKID&gt;4326&lt;/LatestWKID&gt;&lt;VCSWKID&gt;5773&lt;/VCSWKID&gt;&lt;LatestVCSWKID&gt;5773&lt;/LatestVCSWKID&gt;&lt;/GeographicCoordinateSystem&gt;</peXml></coordRef></DataProperties><SyncDate>20180812</SyncDate><SyncTime>07264800</SyncTime><ModDate>20180812</ModDate><ModTime>07264800</ModTime></Esri><dataIdInfo><envirDesc Sync="TRUE"> Version 6.2 (Build 9200) ; Esri ArcGIS 10.6.0.8321</envirDesc><dataLang><languageCode value="eng" Sync="TRUE"></languageCode><countryCode value="USA" Sync="TRUE"></countryCode></dataLang><idCitation><resTitle Sync="TRUE">fire_incidents_areas_smooth</resTitle><presForm><PresFormCd value="005" Sync="TRUE"></PresFormCd></presForm></idCitation><spatRpType><SpatRepTypCd value="001" Sync="TRUE"></SpatRepTypCd></spatRpType></dataIdInfo><mdLang><languageCode value="eng" Sync="TRUE"></languageCode><countryCode value="USA" Sync="TRUE"></countryCode></mdLang><distInfo><distFormat><formatName Sync="TRUE">Shapefile</formatName></distFormat><distTranOps><transSize Sync="TRUE">0.000</transSize></distTranOps></distInfo><mdHrLv><ScopeCd value="005" Sync="TRUE"></ScopeCd></mdHrLv><mdHrLvName Sync="TRUE">dataset</mdHrLvName><refSysInfo><RefSystem><refSysID><identCode code="4326" Sync="TRUE"></identCode><idCodeSpace Sync="TRUE">EPSG</idCodeSpace><idVersion Sync="TRUE">6.14(3.0.1)</idVersion></refSysID></RefSystem></refSysInfo><spatRepInfo><VectSpatRep><geometObjs Name="fire_incidents_areas_smooth"><geoObjTyp><GeoObjTypCd value="002" Sync="TRUE"></GeoObjTypCd></geoObjTyp><geoObjCnt Sync="TRUE">0</geoObjCnt></geometObjs><topLvl><TopoLevCd value="001" Sync="TRUE"></TopoLevCd></topLvl></VectSpatRep></spatRepInfo><spdoinfo><ptvctinf><esriterm Name="fire_incidents_areas_smooth"><efeatyp Sync="TRUE">Simple</efeatyp><efeageom code="4" Sync="TRUE"></efeageom><esritopo Sync="TRUE">FALSE</esritopo><efeacnt Sync="TRUE">0</efeacnt><spindex Sync="TRUE">FALSE</spindex><linrefer Sync="TRUE">TRUE</linrefer></esriterm></ptvctinf></spdoinfo><eainfo><detailed Name="fire_incidents_areas_smooth"><enttyp><enttypl Sync="TRUE">fire_incidents_areas_smooth</enttypl><enttypt Sync="TRUE">Feature Class</enttypt><enttypc Sync="TRUE">0</enttypc></enttyp><attr><attrlabl Sync="TRUE">FID</attrlabl><attalias Sync="TRUE">FID</attalias><attrtype Sync="TRUE">OID</attrtype><attwidth Sync="TRUE">4</attwidth><atprecis Sync="TRUE">0</atprecis><attscale Sync="TRUE">0</attscale><attrdef Sync="TRUE">Internal feature number.</attrdef><attrdefs Sync="TRUE">Esri</attrdefs><attrdomv><udom Sync="TRUE">Sequential unique whole numbers that are automatically generated.</udom></attrdomv></attr><attr><attrlabl Sync="TRUE">FIREDATE</attrlabl><attalias Sync="TRUE">FIREDATE</attalias><attrtype Sync="TRUE">Date</attrtype><attwidth Sync="TRUE">8</attwidth><atprecis Sync="TRUE">0</atprecis><attscale Sync="TRUE">0</attscale></attr><attr><attrlabl Sync="TRUE">INCIDENTNU</attrlabl><attalias Sync="TRUE">INCIDENTNU</attalias><attrtype Sync="TRUE">Integer</attrtype><attwidth Sync="TRUE">10</attwidth><atprecis Sync="TRUE">10</atprecis><attscale Sync="TRUE">0</attscale></attr><attr><attrlabl Sync="TRUE">INCIDENTNA</attrlabl><attalias Sync="TRUE">INCIDENTNA</attalias><attrtype Sync="TRUE">String</attrtype><attwidth Sync="TRUE">50</attwidth><atprecis Sync="TRUE">0</atprecis><attscale Sync="TRUE">0</attscale></attr><attr><attrlabl Sync="TRUE">INCIDENTTY</attrlabl><attalias Sync="TRUE">INCIDENTTY</attalias><attrtype Sync="TRUE">String</attrtype><attwidth Sync="TRUE">15</attwidth><atprecis Sync="TRUE">0</atprecis><attscale Sync="TRUE">0</attscale></attr><attr><attrlabl Sync="TRUE">FIREYEAR</attrlabl><attalias Sync="TRUE">FIREYEAR</attalias><attrtype Sync="TRUE">Integer</attrtype><attwidth Sync="TRUE">10</attwidth><atprecis Sync="TRUE">10</atprecis><attscale Sync="TRUE">0</attscale></attr><attr><attrlabl Sync="TRUE">FINANCIALY</attrlabl><attalias Sync="TRUE">FINANCIALY</attalias><attrtype Sync="TRUE">String</attrtype><attwidth Sync="TRUE">10</attwidth><atprecis Sync="TRUE">0</atprecis><attscale Sync="TRUE">0</attscale></attr><attr><attrlabl Sync="TRUE">SEASON</attrlabl><attalias Sync="TRUE">SEASON</attalias><attrtype Sync="TRUE">String</attrtype><attwidth Sync="TRUE">20</attwidth><atprecis Sync="TRUE">0</atprecis><attscale Sync="TRUE">0</attscale></attr><attr><attrlabl Sync="TRUE">SHAPE</attrlabl><attalias Sync="TRUE">Shape</attalias><attrtype Sync="TRUE">Geometry</attrtype><attwidth Sync="TRUE">0</attwidth><atprecis Sync="TRUE">0</atprecis><attscale Sync="TRUE">0</attscale><attrdef Sync="TRUE">Feature geometry.</attrdef><attrdefs Sync="TRUE">Esri</attrdefs><attrdomv><udom Sync="TRUE">Coordinates defining the features.</udom></attrdomv></attr><attr><attrlabl Sync="TRUE">DATERELIAB</attrlabl><attalias Sync="TRUE">DATERELIAB</attalias><attrtype Sync="TRUE">Integer</attrtype><attwidth Sync="TRUE">10</attwidth><atprecis Sync="TRUE">10</atprecis><attscale Sync="TRUE">0</attscale></attr><attr><attrlabl Sync="TRUE">SHAPE_Leng</attrlabl><attalias Sync="TRUE">SHAPE_Leng</attalias><attrtype Sync="TRUE">Double</attrtype><attwidth Sync="TRUE">19</attwidth><atprecis Sync="TRUE">0</atprecis><attscale Sync="TRUE">0</attscale></attr><attr><attrlabl Sync="TRUE">SHAPE_Area</attrlabl><attalias Sync="TRUE">Shape_Area</attalias><attrtype Sync="TRUE">Double</attrtype><attwidth Sync="TRUE">19</attwidth><atprecis Sync="TRUE">0</atprecis><attscale Sync="TRUE">0</attscale><attrdef Sync="TRUE">Area of feature in internal units squared.</attrdef><attrdefs Sync="TRUE">Esri</attrdefs><attrdomv><udom Sync="TRUE">Positive real numbers that are automatically generated.</udom></attrdomv></attr><attr><attrlabl Sync="TRUE">uniqueID</attrlabl><attalias Sync="TRUE">uniqueID</attalias><attrtype Sync="TRUE">Integer</attrtype><attwidth Sync="TRUE">10</attwidth><atprecis Sync="TRUE">10</atprecis><attscale Sync="TRUE">0</attscale></attr><attr><attrlabl Sync="TRUE">InPoly_FID</attrlabl><attalias Sync="TRUE">InPoly_FID</attalias><attrtype Sync="TRUE">Integer</attrtype><attwidth Sync="TRUE">10</attwidth><atprecis Sync="TRUE">10</atprecis><attscale Sync="TRUE">0</attscale></attr><attr><attrlabl Sync="TRUE">SimPgnFlag</attrlabl><attalias Sync="TRUE">SimPgnFlag</attalias><attrtype Sync="TRUE">Integer</attrtype><attwidth Sync="TRUE">10</attwidth><atprecis Sync="TRUE">10</atprecis><attscale Sync="TRUE">0</attscale></attr><attr><attrlabl Sync="TRUE">MaxSimpTol</attrlabl><attalias Sync="TRUE">MaxSimpTol</attalias><attrtype Sync="TRUE">Double</attrtype><attwidth Sync="TRUE">19</attwidth><atprecis Sync="TRUE">0</atprecis><attscale Sync="TRUE">0</attscale></attr><attr><attrlabl Sync="TRUE">Shape_Le_1</attrlabl><attalias Sync="TRUE">Shape_Le_1</attalias><attrtype Sync="TRUE">Double</attrtype><attwidth Sync="TRUE">19</attwidth><atprecis Sync="TRUE">0</atprecis><attscale Sync="TRUE">0</attscale></attr><attr><attrlabl Sync="TRUE">MinSimpTol</attrlabl><attalias Sync="TRUE">MinSimpTol</attalias><attrtype Sync="TRUE">Double</attrtype><attwidth Sync="TRUE">19</attwidth><atprecis Sync="TRUE">0</atprecis><attscale Sync="TRUE">0</attscale></attr></detailed></eainfo><mdDateSt Sync="TRUE">20180812</mdDateSt><mdChar><CharSetCd value="004" Sync="TRUE"></CharSetCd></mdChar></metadata>
